source_row,flagship_id,flagship_title_raw,partner_id,partner_name,partner_category,partner_category_raw,collaboration_types,collaboration_type_raw,start_year,end_year,reporting_period,role_relevance
2,2022001,Integrative Neuromedicine,partner:single-quantum,Single Quantum,Privaat,Privaat,Onderzoek,Onderzoek,2022,,2022,Technologiepartner op labniveau; bijdrage aan kwantum- en detectietechnologie voor neuro-imaging.
3,2022001,Integrative Neuromedicine,partner:ufo-biosciences,UFO Biosciences,Privaat,Privaat,Onderzoek,Onderzoek,2022,,2022,Technologiepartner voor biofysische meetmethoden en validatie.
4,2022001,Integrative Neuromedicine,partner:delmic-bv,Delmic BV,Privaat,Privaat,Onderzoek,Onderzoek,2022,,2022,Ontwikkeling van microscopie- en imagingtechnologie; ondersteuning experimentele infrastructuur.
5,2022001,Integrative Neuromedicine,partner:thermo-fisher-scientific,Thermo Fisher Scientific,Privaat,Privaat,Onderzoek,Onderzoek,2022,,2022,Partner in geavanceerde meet- en analysetechnologie voor experimentele workflows.
6,2022001,Integrative Neuromedicine,partner:necen,NeCEN,Publiek / Maatschappelijk,Publiek / Maatschappelijk,Onderzoek,Onderzoek,2022,,2022,Nationale infrastructuurpartner voor high-end elektronenmicroscopie.
7,2022001,Integrative Neuromedicine,partner:quantib,Quantib,Privaat,Privaat,Onderzoek,Onderzoek,2022,,2022,Partner voor medische beeldanalyse en AI-ondersteunde diagnostiek.
8,2022001,Integrative Neuromedicine,partner:neurasmus,Neurasmus,Privaat,Privaat,Onderzoek,Onderzoek,2022,,2022,Neurotechnologiepartner gericht op klinische toepassingen.
9,2022001,Integrative Neuromedicine,partner:pharming-group-n-v,Pharming Group N.V.,Privaat,Privaat,Onderzoek,Onderzoek,2022,,2022,Farmaceutische partner; betrokken bij validatie en adoptie van imaging- en drug delivery innovaties en economische haalbaarheid richting klinische toepassing
10,2022001,Integrative Neuromedicine,partner:imec,imec,Privaat,Privaat,Onderzoek,Onderzoek,2022,,2022,"High-tech R&D partner voor chip-, sensor- en imagingtechnologie."
11,2022001,Integrative Neuromedicine,partner:pati-nten-en-pati-ntorganisaties-divers,Patiënten en patiëntorganisaties (divers),Publiek / Maatschappelijk,Publiek / Maatschappelijk,Co-creatie,Co-creatie,2022,,2022,"Betrokken bij ethische reflectie, maatschappelijke dialoog en advisory board."
12,2022001,Integrative Neuromedicine,partner:young-academy-of-europe,Young Academy of Europe,Publiek / Maatschappelijk,Publiek / Maatschappelijk,Onderzoek,Onderzoek,2022,,2022,Internationaal wetenschappelijk netwerk voor kennisuitwisseling.
13,2022001,Integrative Neuromedicine,partner:association-of-erc-grantees,Association of ERC Grantees,Publiek / Maatschappelijk,Publiek / Maatschappelijk,Onderzoek,Onderzoek,2022,,2022,Netwerk van excellente onderzoekers voor strategische samenwerking.
14,2022001,Integrative Neuromedicine,partner:medical-delta,Medical Delta,Publiek / Maatschappelijk,Publiek / Maatschappelijk,Co-creatie,Co-creatie,2022,,2022,Regionaal innovatie-ecosysteem zorg & technologie.
15,2022001,Integrative Neuromedicine,partner:delft-health-initiative,Delft Health Initiative,Publiek / Maatschappelijk,Publiek / Maatschappelijk,Onderzoek,Onderzoek,2022,,2022,Interdisciplinair gezondheidsinitiatief.
16,2022001,Integrative Neuromedicine,partner:delft-ai-labs,Delft AI Labs,Publiek / Maatschappelijk,Publiek / Maatschappelijk,Onderzoek,Onderzoek,2022,,2022,AI-expertise en infrastructuur voor data-gedreven onderzoek.
17,2022001,Integrative Neuromedicine,partner:alzheimer-nederland-alzheimernl,Alzheimer Nederland (AlzheimerNL),Publiek / Maatschappelijk,Publiek / Maatschappelijk,Beleid,Beleid,,,2025,Patiëntenorganisatie; betrokken bij stakeholderdialogen en expertconsultaties over neurologische aandoeningen en maatschappelijke implicaties van onderzoek
18,2022001,Integrative Neuromedicine,partner:deutscher-ethikrat,Deutscher Ethikrat,Publiek / Maatschappelijk,Publiek / Maatschappelijk,Beleid,Beleid,,,2025,"Nationale ethische adviesraad; expert hearing over ‘normality in healthcare’, input geleverd voor ethische en maatschappelijke reflectie rond neuromodulatie en zorg"
19,2022001,Integrative Neuromedicine,partner:ozsw-dutch-research-school-of-philosophy,OZSW – Dutch Research School of Philosophy,Publiek / Maatschappelijk,Publiek / Maatschappelijk,Onderwijs,Onderwijs,,,2025,
20,2022001,Integrative Neuromedicine,partner:reactor-institute-delft-rid,Reactor Institute Delft (RID),Publiek / Maatschappelijk,Publiek / Maatschappelijk,Onderzoek,Onderzoek,,,2025,Faciliteit en kennispartner voor Small-Angle Neutron Scattering (SANS) experimenten; levering van geavanceerde infrastructuur en experimentele data voor nanomedicine- en imagingonderzoek binnen het flagship.
21,2022001,Integrative Neuromedicine,partner:universiteit-van-nederland,Universiteit van Nederland,Publiek / Maatschappelijk,Publiek / Maatschappelijk,Onderwijs,Onderwijs,,,2025,Publiek / Maatschappelijk-wetenschappelijk platform; disseminatie van flagship-onderzoek via podcastaflevering (“Dimphna ontrafelt het mysterie van ons brein”) gericht op brede maatschappelijke kennisdeling.
22,2022001,Integrative Neuromedicine,partner:els-debats-del-casino-de-granollers,Els Debats del Casino de Granollers,Publiek / Maatschappelijk,Publiek / Maatschappelijk,Onderwijs,Onderwijs,,,2025,"Internationale Publiek / Maatschappelijks- en mediapartner; organisatie van Publiek / Maatschappelijke lezingen, radio-interview en televisieoptreden over neurotechnologie en flagship-onderzoek."
23,2022001,Integrative Neuromedicine,partner:british-society-for-phenomenology,British Society for Phenomenology,Publiek / Maatschappelijk,Publiek / Maatschappelijk,Onderzoek,Onderzoek,,,2025,Internationaal academisch netwerk; platform voor invited presentations en uitwisseling rond filosofische en ethische dimensies van neurologische zorg en normaliteit.
24,2022001,Integrative Neuromedicine,partner:nordic-society-for-phenomenology,Nordic Society for Phenomenology,Publiek / Maatschappelijk,Publiek / Maatschappelijk,Onderzoek,Onderzoek,,,2025,Internationaal academisch netwerk; bijdrage aan interdisciplinair debat en disseminatie van humanities-gedreven inzichten uit het flagship.
25,2022012,PROTECt ME,partner:ethica-data-services-inc,Ethica Data Services Inc.,Privaat,privaat,Onderzoek,Onderzoek,2022,,2022,"Levert het digitale platform en technische infrastructuur voor het verzamelen van Experience Sampling data via een mobiele applicatie, en ondersteunt het onderzoek met expertise op het gebied van datacollectie."
26,2022012,PROTECt ME,partner:ijsfontein,IJsfontein,Privaat,privaat,Co-creatie,Co-creatie,2022,,2022,"Betrokken bij de ontwikkeling en implementatie van digitale interventies voor jongeren, waaronder toepassingen binnen bestaande apps, met aandacht voor gebruiksvriendelijkheid en engagement."
27,2022012,PROTECt ME,partner:innovattic,Innovattic,Privaat,privaat,Co-creatie,Co-creatie,2022,,2022,"Draagt bij aan het ontwerp en de doorontwikkeling van digitale toepassingen voor jongeren, met specifieke aandacht voor het volgen en ondersteunen van adolescenten in dagelijkse contexten."
28,2022012,PROTECt ME,partner:generation-r,Generation R,Publiek / Maatschappelijk,Publiek / Maatschappelijk,Onderzoek,Onderzoek,2022,,2022,Biedt toegang tot bestaande populatie- en cohortdata en fungeert als belangrijke onderzoekscontext voor het analyseren en valideren van risicofactoren bij jongeren.
29,2022012,PROTECt ME,partner:municipality-of-rotterdam,Municipality of Rotterdam,Publiek / Maatschappelijk,Publiek / Maatschappelijk,Co-creatie,Co-creatie,2022,,2022,"Betrokken als Publiek / Maatschappelijke partner met expertise op het gebied van jeugdbeleid en jeugdzorg, en ondersteunt de verbinding tussen onderzoek, praktijk en beleidscontext in stedelijke settings."
30,2022012,PROTECt ME,partner:nvvp-nederlandse-vereniging-voor-psychiatrie,NVvP (Nederlandse Vereniging voor Psychiatrie),Publiek / Maatschappelijk,Publiek / Maatschappelijk,Co-creatie,Co-creatie,2022,,2022,Brengt professionele expertise vanuit de psychiatrische praktijk in en draagt bij aan de aansluiting van het onderzoek bij klinische richtlijnen en beroepspraktijk.
31,2022012,PROTECt ME,partner:plusminus,PlusMinus,Publiek / Maatschappelijk,Publiek / Maatschappelijk,Co-creatie,Co-creatie,2022,,2022,"Vertegenwoordigt de ervaringskennis van ouders en jongeren en ondersteunt de betrokkenheid van deze groepen bij focusgroepen, feedbacksessies en disseminatieactiviteiten."
32,2022012,PROTECt ME,partner:mind-mind-young,MIND / MIND Young,Publiek / Maatschappelijk,Publiek / Maatschappelijk,Co-creatie,Co-creatie,2022,,2022,"Faciliteert de betrokkenheid van jongeren via bestaande netwerken en platforms en ondersteunt werving, feedback en verspreiding van kennis en resultaten onder jongeren."
33,2022012,PROTECt ME,partner:vo-raad,VO-raad,Publiek / Maatschappelijk,Publiek / Maatschappelijk,Onderwijs,Onderwijs,2022,,2022,"Ondersteunt de verbinding met het voortgezet onderwijs en draagt bij aan disseminatie, co-creatie en afstemming met scholen en onderwijsprofessionals."
34,2022012,PROTECt ME,partner:jantje-beton,Jantje Beton,Publiek / Maatschappelijk,Publiek / Maatschappelijk,Co-creatie,Co-creatie,2022,,2022,Draagt bij aan het perspectief van kwetsbare jongeren en ondersteunt participatie en empowerment van jeugd binnen onderzoeks- en ontwikkelactiviteiten.
35,2022012,PROTECt ME,partner:ease,@ease,Publiek / Maatschappelijk,Publiek / Maatschappelijk,Co-creatie,Co-creatie,2022,,2022,Betrokken als laagdrempelige praktijkomgeving voor jongeren en ondersteunt het testen en bespreken van interventies in een niet-klinische setting.
36,2022012,PROTECt ME,partner:b-tasteunpunt-zuid-holland,Bètasteunpunt Zuid-Holland,Publiek / Maatschappelijk,Publiek / Maatschappelijk,Onderwijs,Onderwijs,2022,,2022,Biedt toegang tot netwerken in het voortgezet onderwijs en ondersteunt educatieve en ontwerpgerichte activiteiten op het snijvlak van onderzoek en onderwijs.
37,2022012,PROTECt ME,partner:wetenschapsknooppunt-delft,Wetenschapsknooppunt Delft,Publiek / Maatschappelijk,Publiek / Maatschappelijk,Onderwijs,Onderwijs,2022,,2022,Verbindt het project met het primair onderwijs en ondersteunt kennisdeling en educatieve activiteiten gericht op jongeren en leerkrachten.
38,2022012,PROTECt ME,partner:healthy-start-convergence,Healthy Start (Convergence),Publiek / Maatschappelijk,Publiek / Maatschappelijk,Onderzoek,Onderzoek,2022,,2022,"Wordt genoemd als verwant programma binnen Convergence en fungeert als samenwerkingscontext voor kennisuitwisseling, data-inzichten en opschalingsvraagstukken."
39,2022012,PROTECt ME,partner:ehealthjr,eHealthJr,Publiek / Maatschappelijk,Publiek / Maatschappelijk,Co-creatie,Co-creatie,2022,,2022,Betrokken bij co-creatie en implementatie van eHealth-activiteiten en fungeert als omgeving voor het testen en doorontwikkelen van digitale toepassingen.
40,2022012,PROTECt ME,partner:synclab-young-experts,SyncLab / Young Experts,Publiek / Maatschappelijk,Publiek / Maatschappelijk,Co-creatie,Co-creatie,2022,,2022,Ondersteunt co-design met jongeren en draagt bij aan stakeholderbetrokkenheid en participatieve onderzoeksmethoden.
41,2022012,PROTECt ME,partner:student-wellbeing-program,Student wellbeing program,Publiek / Maatschappelijk,Publiek / Maatschappelijk,Co-creatie,Co-creatie,2022,,2022,Genoemd als context voor implementatie en toepassing van interventies gericht op studentenwelzijn.
42,2022012,PROTECt ME,partner:re-connect,RE-CONNECT,Publiek / Maatschappelijk,Publiek / Maatschappelijk,Co-creatie,Co-creatie,2022,,2022,Genoemd als maatschappelijke partner binnen de bredere impact- en implementatiecontext van het project.
43,2022012,PROTECt ME,partner:university-educational-programs,University educational programs,Publiek / Maatschappelijk,Publiek / Maatschappelijk,Onderwijs,Onderwijs,2022,,2022,Genoemd in relatie tot onderwijsinnovatie en de koppeling van onderzoeksresultaten aan universitaire onderwijsprogramma’s.
44,2022012,PROTECt ME,partner:quardin,Quardin,Privaat,privaat,Co-creatie,Co-creatie,2022,,2025,"Digitale partner gericht op mentale gezondheid en zelfregie, genoemd als mogelijke samenwerkingscontext voor het ontwikkelen en toepassen van digitale tools voor jongeren."
45,2022012,PROTECt ME,partner:mindus,MindUS,Publiek / Maatschappelijk,Publiek / Maatschappelijk,Co-creatie,Co-creatie,2022,,2025,"Maatschappelijke organisatie gericht op mentale gezondheid van jongeren; genoemd als relevante partner voor participatie, co-creatie en praktijkgerichte toepassing."
46,2022012,PROTECt ME,partner:kinderpostzegels,Kinderpostzegels,Publiek / Maatschappelijk,Publiek / Maatschappelijk,Co-creatie,Co-creatie,2022,,2025,Organisatie met focus op welzijn en kansen van kinderen en jongeren; genoemd als maatschappelijke partner in relatie tot jeugdparticipatie en impact.
47,2022012,PROTECt ME,partner:de-kindertelefoon,De Kindertelefoon,Publiek / Maatschappelijk,Publiek / Maatschappelijk,Onderzoek,Onderzoek,2022,,2025,Organisatie die laagdrempelige ondersteuning biedt aan kinderen en jongeren; genoemd als relevante praktijkcontext voor signalen rond mentale gezondheid.
48,2022012,PROTECt ME,partner:proportion-global,Proportion Global,Privaat,privaat,Co-creatie,Co-creatie,2022,,2025,Ontwerp- en strategiepartner genoemd in relatie tot maatschappelijke innovatie en het vertalen van onderzoeksinzichten naar toepasbare concepten.
49,2022012,PROTECt ME,partner:young-impact,Young Impact,Publiek / Maatschappelijk,Publiek / Maatschappelijk,Co-creatie,Co-creatie,2022,,2025,Organisatie gericht op jongerenparticipatie en maatschappelijke impact; genoemd als relevante partner voor betrokkenheid en activering van jongeren.
50,2022012,PROTECt ME,partner:hefhouse,HefHouse,Publiek / Maatschappelijk,Publiek / Maatschappelijk,Co-creatie,Co-creatie,,,2025,Jongerenhub genoemd als locatie en partner voor participatieve workshops en co-creatieactiviteiten met jongeren.
51,2022012,PROTECt ME,partner:wolfert-college,Wolfert College,Publiek / Maatschappelijk,Publiek / Maatschappelijk,Onderwijs,Onderwijs,,,2025,"Onderwijscontext voor co-design activiteiten met jongeren, in samenwerking met scholen en docenten."
52,2022012,PROTECt ME,partner:gro-up-youth-work,Gro-up Youth Work,Publiek / Maatschappelijk,Publiek / Maatschappelijk,Co-creatie,Co-creatie,,,2025,Jeugdwerkorganisatie betrokken bij participatie en co-creatieactiviteiten met jongeren.
53,2022012,PROTECt ME,partner:be-ubuntu,Be Ubuntu,Publiek / Maatschappelijk,Publiek / Maatschappelijk,Co-creatie,Co-creatie,,,2025,Maatschappelijke organisatie betrokken bij kennisuitwisseling en ervaringsdeling rondom jongerenparticipatie.
54,2022012,PROTECt ME,partner:rotterdam-esm-group,Rotterdam ESM Group,Publiek / Maatschappelijk,Publiek / Maatschappelijk,Onderzoek,Onderzoek,,,2025,Methodologische en onderzoekspartner rondom Experience Sampling Methodologie en dataverzameling.
55,2022012,PROTECt ME,partner:113-zelfmoordpreventie,113 Zelfmoordpreventie,Publiek / Maatschappelijk,Publiek / Maatschappelijk,Onderzoek,Onderzoek,2025,,2025,"Samenwerking in de context van zelfmoordpreventie en mentale gezondheidszorg voor jongeren; uitwisseling van kennis over signalering, preventie en doorverwijzing."
56,2022012,PROTECt ME,partner:zilveren-kruis-knvb,Zilveren Kruis / KNVB,Privaat,Privaat,Preventie,Preventie,2025,,2025,Samenwerking gericht op mentale gezondheid bij jongeren via sport- en preventieprogramma’s; verbinding met landelijke netwerken en bereik van jongeren.
57,2022012,PROTECt ME,partner:in-je-bol,In je bol,Publiek / Maatschappelijk,Publiek / Maatschappelijk,Preventie,Preventie,2025,,2025,"Nationaal preventieplatform voor jongeren; relevant als kanaal voor kennisdeling, bewustwording en aansluiting bij bestaande mentale gezondheidsinitiatieven."
58,2022017,CIFIC,partner:erasmus-optical-imaging-centre-oic,Erasmus Optical Imaging Centre (OIC),Publiek / Maatschappelijk,Publiek / Maatschappelijk,Onderzoek; Co-creatie,Onderzoek/Co-creatie,2022,,2022,Gedeelde onderzoeksfaciliteit; vertaalt fundamentele en klinische onderzoeksvragen naar concrete microscopietoepassingen; faciliteert samenwerking tussen EMC en TU Delft.
59,2022017,CIFIC,partner:van-leeuwenhoek-laboratory-for-advanced-imaging-research-vllair,Van Leeuwenhoek Laboratory for Advanced Imaging Research (VLLAIR),Publiek / Maatschappelijk,Publiek / Maatschappelijk,Onderzoek; Co-creatie,Onderzoek/Co-creatie,2022,,2022,Imaging-innovatiecentrum TU Delft; ontwikkeling van nieuwe microscopie-instrumentatie in samenwerking met academische en industriële partners.
60,2022017,CIFIC,partner:delmic,Delmic,Privaat,Privaat,Contractresearch,Contractresearch,2022,,2022,Industriële partner in ontwikkeling van geavanceerde microscopie-instrumenten (o.a. ENZEL); gezamenlijke technologieontwikkeling en validatie.
61,2022017,CIFIC,partner:thermo-fisher-scientific,Thermo Fisher Scientific,Privaat,Privaat,Contractresearch,Contractresearch,2022,,2022,"Industriële partner bij ontwikkeling en toepassing van (volume) electron microscopy technologie, waaronder FAST-EM."
62,2022017,CIFIC,partner:technolution,Technolution,Privaat,Privaat,Contractresearch,Contractresearch,2022,,2022,Technologiepartner betrokken bij ontwikkeling van FAST-EM en bijbehorende workflows.
63,2022017,CIFIC,partner:nl-bioimaging-nwo-roadmap-consortium,NL-bioimaging (NWO Roadmap consortium),Publiek / Maatschappelijk,Publiek / Maatschappelijk,Onderzoek,Onderzoek,2022,,2022,Nationaal infrastructuurconsortium; aanpalende projecten (postdocs) op het gebied van smart microscopy versterken EMC–TU Delft convergentie.
64,2022017,CIFIC,partner:nwo-ttw-3d-nano-imaging-consortium,NWO-TTW 3D Nano-imaging consortium,Publiek / Maatschappelijk,Publiek / Maatschappelijk,Onderzoek,Onderzoek,2022,,2022,Aanpalend onderzoeksconsortium; PhD-project draagt bij aan imaging-innovatie en versterkt CIFIC-gerelateerde samenwerking.
65,2022017,CIFIC,partner:erasmus-center-for-innovation-eci,Erasmus Center for Innovation (ECI),Publiek / Maatschappelijk,Publiek / Maatschappelijk,Co-creatie,Co-creatie,,,2025,Ondersteunt innovatie en samenwerking binnen multi-party netwerken; expertise in innovatie- en leerprocessen en ondersteuning van valorisatie en samenwerking binnen CIFIC.
66,2022017,CIFIC,partner:amsterdam-umc-aumc,Amsterdam UMC (AUMC),Publiek / Maatschappelijk,Publiek / Maatschappelijk,Onderzoek,Onderzoek,,,2025,Partner via het NL-bioimaging NWO Roadmap consortium (lead institute); betrokken bij ontwikkeling en toepassing van smart microscopy en versterkt nationale infrastructuursamenwerking relevant voor CIFIC.
67,2022020,Healthy Joints,partner:leids-universitair-medisch-centrum-lumc,Leids Universitair Medisch Centrum (LUMC),Publiek / Maatschappelijk,Publiek / Maatschappelijk,Onderwijs,Onderwijs,2022,,2022,Betrokken bij Advanced Image Processing (TM11005)
68,2022020,Healthy Joints,partner:artrose-gezond,Artrose Gezond,Publiek / Maatschappelijk,Publiek / Maatschappelijk,Co-creatie,Co-creatie,2022,,2022,"Patiëntenplatform; patiëntbetrokkenheid, communicatie en outreach"
69,2022020,Healthy Joints,partner:reumanederland,ReumaNederland,Publiek / Maatschappelijk,Publiek / Maatschappelijk,Co-creatie,Co-creatie,2022,,2022,Patiëntenorganisatie; patiëntpanels en onderzoeksagenda OA
70,2022020,Healthy Joints,partner:primeur-academic-primary-care-research-network,PRIMEUR (Academic primary care research network),Publiek / Maatschappelijk,Publiek / Maatschappelijk,Onderzoek,Onderzoek,2022,,2022,Netwerk van huisartsenpraktijken; dataverzameling en implementatie
71,2022020,Healthy Joints,partner:municipality-of-rotterdam-healthy-r,Municipality of Rotterdam (HEALTHY’R),Publiek / Maatschappelijk,Publiek / Maatschappelijk,Co-creatie,Co-creatie,2022,,2022,Samenwerking rond gedragsverandering en gezondheid
72,2022020,Healthy Joints,partner:university-of-applied-sciences-rotterdam,University of Applied Sciences Rotterdam,Publiek / Maatschappelijk,Publiek / Maatschappelijk,Onderzoek,Onderzoek,2022,,2022,Onderzoek en implementatie in fysiotherapiepraktijken
73,2022020,Healthy Joints,partner:general-electric-healthcare,General Electric Healthcare,Privaat,Privaat,Onderzoek,Onderzoek,2022,,2022,Samenwerking rond imaging technologie
74,2022020,Healthy Joints,partner:motek-medical,MOTEK Medical,Privaat,Privaat,Onderzoek,Onderzoek,2022,,2022,Motion capture en biomechanica
75,2022020,Healthy Joints,partner:siemens,Siemens,Privaat,Privaat,Onderzoek,Onderzoek,2022,,2022,Industriële technologiepartner (participation board)
76,2022020,Healthy Joints,partner:xsens,Xsens,Privaat,Privaat,Onderzoek,Onderzoek,2022,,2022,Motion sensing technologie
77,2022020,Healthy Joints,partner:moveshelf,MoveShelf,Privaat,Privaat,Onderzoek,Onderzoek,2022,,2022,Technologiepartner in MOBI-lab context
78,2022020,Healthy Joints,partner:elictac,Elictac,Privaat,Privaat,Onderzoek,Onderzoek,2022,,2022,Technologiepartner in WalkWell-ontwikkeling
79,2022020,Healthy Joints,partner:lifetec-group,Lifetec Group,Privaat,Privaat,Onderzoek,Onderzoek,2022,,2022,Co-ontwikkeling bioreactor voor mechanische belasting OA-modellen
80,2022020,Healthy Joints,partner:chiron,Chiron,Privaat,Privaat,Co-creatie,Co-creatie,2022,,2022,Technologiepartner WP4
81,2022020,Healthy Joints,partner:optics11,Optics11,Privaat,Privaat,Onderzoek,Onderzoek,2022,,2022,Technologiepartner WP4
82,2022020,Healthy Joints,partner:20med,20med,Privaat,Privaat,Onderzoek,Onderzoek,2022,,2022,Technologiepartner WP4
83,2022020,Healthy Joints,partner:procore,ProCore,Privaat,Privaat,Onderzoek,Onderzoek,2022,,2022,Technologiepartner WP4
84,2022020,Healthy Joints,partner:eth-zurich,ETH Zurich,Publiek / Maatschappelijk,Publiek / Maatschappelijk,Onderzoek,Onderzoek,2022,,2022,Academische samenwerking binnen MOBI-lab
85,2022020,Healthy Joints,partner:technische-universiteit-twente,Technische Universiteit Twente,Publiek / Maatschappelijk,Publiek / Maatschappelijk,Onderzoek,Onderzoek,2022,,2022,Academische samenwerking WP4
86,2022020,Healthy Joints,partner:technische-universiteit-eindhoven,Technische Universiteit Eindhoven,Publiek / Maatschappelijk,Publiek / Maatschappelijk,Onderzoek,Onderzoek,2022,,2022,Academische samenwerking WP4
87,2022020,Healthy Joints,partner:umc-utrecht,UMC Utrecht,Publiek / Maatschappelijk,Publiek / Maatschappelijk,Onderzoek,Onderzoek,2022,,2022,Academische samenwerking WP4
88,2022020,Healthy Joints,partner:oa-research-society-international-oarsi,OA Research Society International (OARSI),Publiek / Maatschappelijk,Publiek / Maatschappelijk,Onderzoek,Onderzoek,2022,,2022,Internationale classificatiecriteria en richtlijnontwikkeling
89,2022025,Organ Transplantation,partner:erasmus-mc-transplant-institute,Erasmus MC Transplant Institute,Publiek / Maatschappelijk,Publiek / Maatschappelijk,Co-creatie,Co-creatie,2022,,2022,"Centrale klinische en organisatorische inbedding van het Flagship; faciliteert integratie met transplantatiezorg, klinische infrastructuur, onderwijs en professionele netwerken"
90,2022025,Organ Transplantation,partner:htm-erasmus-university-rotterdam,HTM – Erasmus University Rotterdam,Publiek / Maatschappelijk,Publiek / Maatschappelijk,Onderzoek,Onderzoek,2022,,2022,"Sociaal-economische, ethische en juridische evaluaties van transplantatie-innovaties (WP6)"
91,2022025,Organ Transplantation,partner:wenckebach-institute-groningen-umc,Wenckebach Institute (Groningen UMC),Publiek / Maatschappelijk,Publiek / Maatschappelijk,Onderzoek,Onderzoek,2022,,2022,Ontwikkeling van gespecialiseerde trainingsprogramma’s voor verpleegkundigen in orgaantransplantatie; versterkt klinische expertise en workforce development
92,2022025,Organ Transplantation,partner:umc-groningen,UMC Groningen,Publiek / Maatschappelijk,Publiek / Maatschappelijk,Onderwijs,Onderwijs,2022,,2022,Klinische samenwerking in organ perfusion studies en validatie van perfusieplatforms
93,2022025,Organ Transplantation,partner:center-for-biofabrication-bioassembly-centerb2,Center for Biofabrication & Bioassembly (CenterB2),Publiek / Maatschappelijk,Publiek / Maatschappelijk,Onderzoek,Onderzoek,2022,,2022,Onderzoeksinfrastructuur en expertise in biofabrication en organoid-technologie
94,2022025,Organ Transplantation,partner:hub-organoids,HUB Organoids,Privaat,Privaat,Onderzoek,Onderzoek,2022,,2022,"Publiek / Maatschappelijk-private samenwerking gericht op organoid-technologie, opschaling en vertaling van fundamenteel onderzoek naar toepassing"
95,2022025,Organ Transplantation,partner:leiden-university,Leiden University,Publiek / Maatschappelijk,Publiek / Maatschappelijk,Onderzoek,Onderzoek,2022,,2022,Levering van stagiairs (3 maanden) die bijdragen aan onderzoeks- en data-analyseactiviteiten binnen het Flagship
96,2022025,Organ Transplantation,partner:hogeschool-leiden,Hogeschool Leiden,Publiek / Maatschappelijk,Publiek / Maatschappelijk,Onderwijs,Onderwijs,2022,,2022,Levering van stagiairs (10 maanden) die bijdragen aan praktijkgericht onderzoek binnen het Flagship
97,2022025,Organ Transplantation,partner:utrecht-university,Utrecht University,Publiek / Maatschappelijk,Publiek / Maatschappelijk,Onderwijs,Onderwijs,2022,,2022,"Bijdrage via masterstudenten en pharmacy interns aan dataverzameling, analyse en ethische vraagstukken binnen WP3 en WP6"
98,2022025,Organ Transplantation,partner:cleveland-clinic-usa,Cleveland Clinic (USA),Publiek / Maatschappelijk,Publiek / Maatschappelijk,Onderwijs,Onderwijs,,,2025,Internationale validatiepartner voor geavanceerde perfusieplatforms
99,2022025,Organ Transplantation,partner:university-of-twente,University of Twente,Publiek / Maatschappelijk,Publiek / Maatschappelijk,Onderzoek,Onderzoek,,,2025,Technologische ondersteuning voor verlenging van organ perfusion duur
100,2022025,Organ Transplantation,partner:amsterdam-umc,Amsterdam UMC,Publiek / Maatschappelijk,Publiek / Maatschappelijk,Onderzoek,Onderzoek,,,2025,Klinisch-technologische samenwerking in ontwikkeling van organ incubators
101,2022025,Organ Transplantation,partner:xvivo-company,XVivo Company,Privaat,Privaat,Onderzoek,Onderzoek,,,2025,Industriële partner in ontwikkeling van organ incubator-systemen
102,2022025,Organ Transplantation,partner:radboud-umc,Radboud UMC,Publiek / Maatschappelijk,Publiek / Maatschappelijk,Co-creatie,Co-creatie,,,2025,Klinische samenwerking in niertransplantatiestudies
103,2022025,Organ Transplantation,partner:university-hospital-aachen,University Hospital Aachen,Publiek / Maatschappelijk,Publiek / Maatschappelijk,Onderzoek,Onderzoek,,,2025,Internationale klinische samenwerking in nierstudies
104,2022025,Organ Transplantation,partner:university-hospital-bangkok,University Hospital Bangkok,Publiek / Maatschappelijk,Publiek / Maatschappelijk,Onderzoek,Onderzoek,,,2025,Internationale klinische samenwerking en dataverzameling
105,2022025,Organ Transplantation,partner:imcomet,Imcomet,Privaat,Privaat,Onderzoek,Onderzoek,,,2025,Industriële partner betrokken bij ontwikkeling en opschaling van perfusie- en transplantatietechnologieën. Bijdrage aan valorisatie en industriële vertaling van innovatieve perfusieplatforms.
106,2022025,Organ Transplantation,partner:levels-diagnostics,LEVELS Diagnostics,Privaat,Privaat,Onderzoek; Co-creatie,Onderzoek/Co-creatie,,,2025,Samenwerking rond ontwikkeling en validatie van diagnostische biomarkers en monitoringtools binnen transplantatiezorg. Versterkt klinische besluitvorming en personaliseert post-transplant zorg.
107,2022025,Organ Transplantation,partner:aferetica,Aferetica,Privaat,Privaat,Onderzoek; Co-creatie,Onderzoek/Co-creatie,,,2025,"Industriële partner in extracorporale circulatie- en perfusietechnologieën, betrokken bij technologische ontwikkeling en validatie. Ondersteunt opschaling richting klinische toepassing en marktintroductie."
108,2022025,Organ Transplantation,partner:aarhus-university,Aarhus University,Publiek / Maatschappelijk,Publiek / Maatschappelijk,Contractresearch,Contractresearch,,,2025,"Internationale academische samenwerking op het gebied van hartperfusie, regeneratieve strategieën en transplantatie-innovatie. Versterkt internationale kennisuitwisseling en validatie van nieuwe technologieën."
109,2022025,Organ Transplantation,partner:holland-hybrid-heart-consortium,Holland Hybrid Heart Consortium,Privaat,Privaat,Onderzoek,Onderzoek,,,2025,"Consortium gericht op ontwikkeling van kunsthart- en perfusietechnologie, in nauwe samenwerking met het Flagship. Verbindt fundamenteel onderzoek, klinische expertise en technologische innovatie richting toekomstbestendige hartzorg."
110,2022026,Consultation Room 2030,partner:syncvr-medical,SyncVR Medical,Privaat,privaat,Co-creatie,Co-creatie,2022,,2022,Technologiepartner betrokken bij digitale zorgtoepassingen binnen Flagship-projecten.
111,2022026,Consultation Room 2030,partner:luscii,Luscii,Privaat,privaat,Co-creatie,Co-creatie,2022,,2022,Praktijk- en technologiepartner in projecten rond monitoring en digitale zorg.
112,2022026,Consultation Room 2030,partner:novacair,NovaCair,Privaat,privaat,Onderzoek,Onderzoek,2022,,2022,Commerciële partner betrokken bij digitale zorginnovaties binnen het Flagship.
113,2022026,Consultation Room 2030,partner:skinvision,SkinVision,Privaat,privaat,Onderzoek,Onderzoek,2022,,2022,Technologiebedrijf betrokken bij individuele onderzoeksprojecten.
114,2022026,Consultation Room 2030,partner:curavista,Curavista,Privaat,privaat,Onderzoek,Onderzoek,2022,,2022,Partner in digitale zorgoplossingen en implementatievraagstukken.
115,2022026,Consultation Room 2030,partner:attendi,Attendi,Privaat,privaat,Onderzoek,Onderzoek,2022,,2022,Technologiepartner betrokken bij zorginnovaties en monitoringoplossingen.
116,2022026,Consultation Room 2030,partner:pati-ntenvereniging-hoofd-hals,Patiëntenvereniging Hoofd-Hals,Publiek / Maatschappelijk,Publiek / Maatschappelijk,Onderzoek,Onderzoek,2022,,2022,Patiëntenorganisatie betrokken bij co-design en evaluatie van palliatie- en oncologieprojecten.
117,2022026,Consultation Room 2030,partner:pati-ntenvereniging-longfibrose,Patiëntenvereniging Longfibrose,Publiek / Maatschappelijk,Publiek / Maatschappelijk,Co-creatie,Co-creatie,2022,,2022,Patiëntenorganisatie betrokken bij projecten rond pulmonale zorg en thuismonitoring.
118,2022026,Consultation Room 2030,partner:european-pulmonary-fibrosis-federation-eu-ipff,European Pulmonary Fibrosis Federation (EU-IPFF),Publiek / Maatschappelijk,Publiek / Maatschappelijk,Co-creatie,Co-creatie,2022,,2022,Europese patiëntenfederatie; betrokken bij internationale afstemming en patiëntperspectief.
119,2022026,Consultation Room 2030,partner:digitaal-verbonden,Digitaal Verbonden,Publiek / Maatschappelijk,Publiek / Maatschappelijk,Co-creatie,Co-creatie,2022,,2022,Strategisch programma gericht op data- en IT-infrastructuren; levert in-kind bijdrage aan WP3.
120,2022026,Consultation Room 2030,partner:national-health-care-institute-zin,National Health Care Institute (ZiN),Publiek / Maatschappelijk,Publiek / Maatschappelijk,Onderzoek,Onderzoek,2022,,2022,Publiek / Maatschappelijke organisatie betrokken via reflectie op beleids- en systeemvraagstukken.
121,2022026,Consultation Room 2030,partner:dutch-healthcare-authority-nza,Dutch Healthcare Authority (NZa),Publiek / Maatschappelijk,Publiek / Maatschappelijk,Beleid,Beleid,2022,,2022,Regulerende instantie betrokken bij reflectie op bekostiging en opschaling.
122,2022026,Consultation Room 2030,partner:national-institute-for-public-health-and-the-environment-rivm,National Institute for Public Health and the Environment (RIVM),Publiek / Maatschappelijk,Publiek / Maatschappelijk,Beleid,Beleid,2022,,2022,Publiek / Maatschappelijke kennisinstelling betrokken bij reflectie op maatschappelijke impact.
123,2022026,Consultation Room 2030,partner:zorgverzekeraars-via-reflective-board,Zorgverzekeraars (via Reflective Board),Publiek / Maatschappelijk,Publiek / Maatschappelijk,Beleid,Beleid,2022,,2022,Zorgverzekeraars betrokken bij reflectie op bekostiging en implementatie van digitale zorg.
124,2022026,Consultation Room 2030,partner:non-academic-hospitals,Non-academic hospitals,Publiek / Maatschappelijk,Publiek / Maatschappelijk,Beleid,Beleid,2022,,2022,Regionale zorgorganisaties betrokken bij kennisuitwisseling en mogelijke opschaling.
125,2022026,Consultation Room 2030,partner:umc-utrecht-umcu,UMC Utrecht (UMCU),Publiek / Maatschappelijk,Publiek / Maatschappelijk,Onderzoek,Onderzoek,,,2025,Academisch ziekenhuis; samenwerking in acute zorg en opschaling van digitale zwangerschapzorg.
126,2022026,Consultation Room 2030,partner:strategic-public-private-partnership-kansrijke-start,Strategic Public Private Partnership Kansrijke Start,Publiek / Maatschappelijk,Publiek / Maatschappelijk,Onderzoek,Onderzoek,,,2025,Publiek / Maatschappelijk-private samenwerking gericht op opschaling van digitale zwangerschapzorg en ketensamenwerking.
127,2022026,Consultation Room 2030,partner:european-respiratory-society-connect-consortium,European Respiratory Society (CONNECT consortium),Publiek / Maatschappelijk,Publiek / Maatschappelijk,Co-creatie,Co-creatie,,,2025,Europees netwerk gericht op digitale zorg in respiratoire zorg; bijdrage aan beleidsontwikkeling en position papers.
128,2022026,Consultation Room 2030,partner:european-academic-hospital-alliance-euha,European Academic Hospital Alliance (EUHA),Publiek / Maatschappelijk,Publiek / Maatschappelijk,Beleid,Beleid,,,2025,Internationaal academisch ziekenhuisnetwerk betrokken bij opschaling van digitale zorginnovaties.
129,2022026,Consultation Room 2030,partner:zilveren-kruis,Zilveren Kruis,Publiek / Maatschappelijk,Publiek / Maatschappelijk,Netwerk,Netwerk,,,2025,Zorgverzekeraar; betrokken bij gesprekken over bekostiging en opschaling van digitale zorg.
130,2022026,Consultation Room 2030,partner:region-of-stockholm,Region of Stockholm,Publiek / Maatschappelijk,Publiek / Maatschappelijk,Beleid,Beleid,,,2025,Publiek / Maatschappelijke zorginkoper; betrokken bij internationale vergelijking en bekostigingsvraagstukken.
131,2022026,Consultation Room 2030,partner:servei-catal-de-la-salut,Servei Català de la Salut,Publiek / Maatschappelijk,Publiek / Maatschappelijk,Beleid,Beleid,,,2025,Catalaanse zorgautoriteit; betrokken bij gesprekken over besparingen en bekostiging van digitale zorg.
132,2022026,Consultation Room 2030,partner:world-hospital-at-home-community-whahc,World Hospital at Home Community (WHAHC),Publiek / Maatschappelijk,Publiek / Maatschappelijk,Beleid,Beleid,,,2025,Internationale community rond hospital-at-home; kennisdeling en positionering van Flagship.
133,2022026,Consultation Room 2030,partner:microsoft-azure,Microsoft (Azure),Privaat,privaat,Netwerk,Netwerk,,,2025,Genoemd als technologiecontext voor ontwikkeling van AI-gebaseerde toepassingen binnen het Flagship.
134,2022026,Consultation Room 2030,partner:karolinska-institutet,Karolinska Institutet,Publiek / Maatschappelijk,Publiek / Maatschappelijk,Onderzoek,Onderzoek,,,2025,Genoemd als onderdeel van een internationaal consortium in het domein zwangerschapzorg.
135,2022026,Consultation Room 2030,partner:vall-d-hebron,Vall d’Hebron,Publiek / Maatschappelijk,Publiek / Maatschappelijk,Onderzoek,Onderzoek,,,2025,Genoemd als onderdeel van een internationaal consortium in het domein zwangerschapzorg.
136,2022026,Consultation Room 2030,partner:aarhus-university,Aarhus University,Publiek / Maatschappelijk,Publiek / Maatschappelijk,Onderzoek,Onderzoek,,,2025,Genoemd als onderdeel van een internationaal consortium in het domein zwangerschapzorg.
137,2022026,Consultation Room 2030,partner:rotterdam-university-of-applied-sciences,Rotterdam University of Applied Sciences,Publiek / Maatschappelijk,Publiek / Maatschappelijk,Onderzoek,Onderzoek,,,2025,Genoemd als onderdeel van een consortium rond zwangerschapzorg.
138,2022030,ALIVE,partner:municipality-of-rotterdam,Municipality of Rotterdam,Publiek / Maatschappelijk,Publiek / Maatschappelijk,Onderzoek,Onderzoek,2022,,2022,"Beleids- en praktijkpartner; fungeert als sounding board en levert beleidscontext en praktijkkennis, o.a. via kennisbroker jeugd."
139,2022030,ALIVE,partner:menzis,Menzis,Privaat,Privaat,Co-creatie,Co-creatie,2022,,2022,Zorgverzekeraar; betrokken als externe partner bij evaluatie en ontwikkeling van interventies en beleidsrelevante aanbevelingen.
140,2022030,ALIVE,partner:achmea,Achmea,Privaat,Privaat,Co-creatie,Co-creatie,2022,,2022,Zorgverzekeraar; betrokken bij reflectie op implementatie en opschaling van leefstijlinterventies en beleidstoepassing.
141,2022030,ALIVE,partner:big-health-ltd,Big Health Ltd,Privaat,Privaat,Co-creatie,Co-creatie,2022,,2022,Industriepartner in digitale geneeskunde; betrokken bij ontwikkeling en toepassing van digitale tools (o.a. slaapinterventies).
142,2022030,ALIVE,partner:stichting-student-en-leefstijl,Stichting Student en Leefstijl,Publiek / Maatschappelijk,Publiek / Maatschappelijk,Onderzoek,Onderzoek,2022,,2022,Studentenorganisatie; vertegenwoordigt studentperspectief en draagt bij aan participatie en feedback vanuit doelgroep.
143,2022030,ALIVE,partner:reumanederland,ReumaNederland,Publiek / Maatschappelijk,Publiek / Maatschappelijk,Co-creatie,Co-creatie,2022,,2022,Patiëntenorganisatie; levert ervaringskennis en vertegenwoordigt patiëntperspectief bij interventie- en richtlijnontwikkeling.
144,2022030,ALIVE,partner:rotterdam-study-participant-group,Rotterdam Study Participant Group,Publiek / Maatschappelijk,Publiek / Maatschappelijk,Co-creatie,Co-creatie,2022,,2022,"Vertegenwoordiging van onderzoeksdeelnemers; betrokken als participantrepresentatie en klankbord voor onderzoekstoepassingen. Structurele betrokkenheid via patient panels en dialoogsessies over multidimensionale leefstijl, preventie en integrale zorgpaden."
145,2022030,ALIVE,partner:statistics-netherlands-cbs,Statistics Netherlands (CBS),Publiek / Maatschappelijk,Publiek / Maatschappelijk,Onderzoek,Onderzoek,,,2025,"Dataleverancier en onderzoeks­partner; koppeling van CBS-data aan Rotterdam Study voor multidimensionale analyses, risicoprofilering en vroege detectie."
146,2022030,ALIVE,partner:netherlands-cohorts-consortium-ncc,Netherlands Cohorts Consortium (NCC),Publiek / Maatschappelijk,Publiek / Maatschappelijk,Onderzoek,Onderzoek,,,2025,Strategische onderzoeks­partner; uitbreiding van analyses naar 11 nationale cohorten om generaliseerbaarheid en schaal van leefstijl- en risicofactoronderzoek te vergroten.
147,2022030,ALIVE,partner:stichting-lezen-en-schrijven,Stichting Lezen en Schrijven,Publiek / Maatschappelijk,Publiek / Maatschappelijk,Onderzoek,Onderzoek,,,2025,Maatschappelijke partner gericht op inclusie; betrokken bij toegankelijkheid en laaggeletterdheid in leefstijl- en welzijnsinterventies (o.a. WiX).
148,2022030,ALIVE,partner:sport-data-valley,Sport Data Valley,Publiek / Maatschappelijk,Publiek / Maatschappelijk,Co-creatie,Co-creatie,,,2025,"Netwerk- en innovatiepartner; koppeling van sport-, data- en gezondheidsdomeinen ter ondersteuning van leefstijlonderzoek en implementatie."
149,2022030,ALIVE,partner:capri-hartrevalidatie,Capri Hartrevalidatie,Publiek / Maatschappelijk,Publiek / Maatschappelijk,Co-creatie,Co-creatie,,,2025,Implementatiepartner; betrokken bij ontwikkeling en toepassing van digitale leefstijlinterventies (CapriXpress) in hartrevalidatie.
150,2022030,ALIVE,partner:ibdream,IBDREAM,Publiek / Maatschappelijk,Publiek / Maatschappelijk,Co-creatie,Co-creatie,,,2025,Klinische onderzoekscontext; eerste implementatie van de WiX-welzijnsmaat in zorgpraktijk.
151,2022031,REALTIME monitoring,partner:tno,TNO,Publiek / Maatschappelijk,Publiek / Maatschappelijk,Onderzoek,Onderzoek,2022,,2022,"Betrokken vanaf projectstart (WP3); levering van modeldata, expertise in luchtkwaliteitsmodellering en co-supervisie van een PhD-student."
152,2022031,REALTIME monitoring,partner:waag-futurelab,Waag Futurelab,Publiek / Maatschappelijk,Publiek / Maatschappelijk,Onderzoek,Onderzoek,2022,,2022,"Bijdrage aan workshops en citizen science-activiteiten; expertise in open data, burgerinitiatieven en maatschappelijke betrokkenheid (letter of intent)."
153,2022031,REALTIME monitoring,partner:rivm,RIVM,Publiek / Maatschappelijk,Publiek / Maatschappelijk,Co-creatie,Co-creatie,2022,,2022,Publiek / Maatschappelijke gezondheidsinstantie; betrokken via WP3 bij beleidsrelevante analyse en datatoepassing.
154,2022031,REALTIME monitoring,partner:dcmr-milieudienst-rijnmond,DCMR Milieudienst Rijnmond,Publiek / Maatschappelijk,Publiek / Maatschappelijk,Onderzoek,Onderzoek,2022,,2022,Regionale milieudienst; betrokken bij milieudata en beleidscontext (WP3).
155,2022031,REALTIME monitoring,partner:gemeenten-nl,Gemeenten (NL),Publiek / Maatschappelijk,Publiek / Maatschappelijk,Onderzoek,Onderzoek,2022,,2022,Betrokken als Publiek / Maatschappelijke eindgebruikers en contextpartners voor beleidsontwikkeling en toepassing van resultaten.
156,2022031,REALTIME monitoring,partner:merck-kgaa,Merck KGaA,Privaat,Privaat,Co-creatie,Co-cre,2022,,2022,Beoogde industriële partner (Y1); aansluiting bij sensor- en biomarkerontwikkeling (WP2).
157,2022031,REALTIME monitoring,partner:bayer,Bayer,Privaat,Privaat,Onderzoek,Onderzoek,2022,,2022,Beoogde industriële partner (Y1); relevant voor klinische en biomedische toepassingen.
158,2022031,REALTIME monitoring,partner:dermavant-sciences,Dermavant Sciences,Privaat,Privaat,Onderzoek,Onderzoek,2022,,2022,Beoogde industriële partner (Y1); dermatologische expertise relevant voor WP1/WP2.
159,2022031,REALTIME monitoring,partner:klm,KLM,Privaat,Privaat,Onderzoek,Onderzoek,2022,,2022,"Beoogde partner (Y1); relevant voor blootstelling, luchtkwaliteit en klimaatcontext."
160,2022031,REALTIME monitoring,partner:kpn,KPN,Privaat,Privaat,Onderzoek,Onderzoek,2022,,2022,Beoogde partner (Y1); relevant voor data- en communicatietechnologie in monitoringcontext.
161,2022031,REALTIME monitoring,partner:somalogic,SomaLogic,Privaat,Privaat,Onderzoek,Onderzoek,2023,,2022,"Beoogde partner (Y2); expertise in biomarkeranalyse, relevant voor WP2."
162,2022031,REALTIME monitoring,partner:nxp-semiconductors,NXP Semiconductors,Privaat,Privaat,Onderzoek,Onderzoek,2023,,2022,Beoogde partner (Y2); halfgeleider- en sensorontwikkeling voor wearable technologie.
163,2022031,REALTIME monitoring,partner:demcon,Demcon,Privaat,Privaat,Onderzoek,Onderzoek,2023,,2022,"Beoogde partner (Y2); engineering en prototyping, relevant voor technologische opschaling."
164,2022031,REALTIME monitoring,partner:organ-on-chip-bedrijven-divers,Organ-on-chip bedrijven (divers),Privaat,Privaat,Onderzoek,Onderzoek,2023,,2022,Beoogde partners (Y2); industriële aansluiting bij organ-on-chip technologie (WP1).
165,2022031,REALTIME monitoring,partner:biontech,BioNTech,Privaat,Privaat,Onderzoek,Onderzoek,2024,,2022,Beoogde partner (Y3); relevant voor translatie en biomedische toepassing.
166,2022031,REALTIME monitoring,partner:nostics,Nostics,Privaat,Privaat,Onderzoek,Onderzoek,2024,,2022,Beoogde partner (Y3); betrokkenheid beoogd bij latere fase van technologische ontwikkeling.
167,2022031,REALTIME monitoring,partner:imcomet,Imcomet,Privaat,Privaat,Onderzoek,Onderzoek,,,2025,Samenwerking rond niet-invasieve biosensing voor atopische dermatitis; integratie van sensing layer in wearable device en voorbereiding klinische validatie (WP2).
168,2022031,REALTIME monitoring,partner:levels-diagnostics,LEVELS Diagnostics,Privaat,Privaat,Onderzoek; Co-creatie,Onderzoek / Co-creatie,,,2025,Industriële partner voor toepassing van single-molecule diagnostische technologie richting vroege kankerdiagnostiek (WP2).
169,2022031,REALTIME monitoring,partner:maastricht-university,Maastricht University,Publiek / Maatschappelijk,Publiek / Maatschappelijk,Onderzoek; Co-creatie,Onderzoek / Co-creatie,,,2025,Academische partner in de ontwikkeling van een high-containment lung-on-chip platform voor respiratoire virusstudies (WP1).
170,2022031,REALTIME monitoring,partner:leiden-university-medical-center-lumc,Leiden University Medical Center (LUMC),Publiek / Maatschappelijk,Publiek / Maatschappelijk,Onderzoek,Onderzoek,,,2025,Externe academische partner in onderzoek naar milieu-impact van sensortechnologie en duurzame chemische engineering (WP2).
171,2022036,Human Mobility Center,partner:rijndam-rehabilitation,Rijndam Rehabilitation,Publiek / Maatschappelijk,Publiek / Maatschappelijk,Onderzoek; Co-creatie,Co-creatie / onderzoek,2022,,2022,"Klinische kernpartner en living lab. Levert directe toegang tot patiënten, clinici, fysiotherapeuten en innovatie- en living-lab expertise. Betrokken in alle fasen van co-creatie, evaluatie en implementatie van technologie in klinische praktijk."
172,2022036,Human Mobility Center,partner:laurens-geriatric-rehabilitation,Laurens Geriatric Rehabilitation,Publiek / Maatschappelijk,Publiek / Maatschappelijk,Onderzoek; Co-creatie,Co-creatie / onderzoek,2022,,2022,"Klinische partner gespecialiseerd in geriatrische revalidatie. Draagt praktijkkennis, routinematige uitkomst- en ervaringsmetingen en testomgevingen bij voor toepassing van technologie bij kwetsbare (oudere) doelgroepen."
173,2022036,Human Mobility Center,partner:hocoma,Hocoma,Privaat,Privaat,Co-creatie; Contractresearch,Co-creatie / contractresearch,2022,,2022,"Internationale industriële partner voor robotische en sensor-gebaseerde revalidatieapparatuur. Biedt expertise in productontwikkeling, businessmodellen, medical device development, risicomanagement en certificering; betrokken bij translatie richting klinische implementatie."
174,2022036,Human Mobility Center,partner:hankamp-rehab,Hankamp Rehab,Privaat,Privaat,Co-creatie; Implementatie,Co-creatie / implementatie,2022,,2022,"Distributeur en ontwikkelaar van revalidatiehulpmiddelen. Brengt praktijkervaring met hulpmiddelen voor CVA en andere neurologische aandoeningen, en ondersteunt implementatie en gebruik in zorgpraktijk."
175,2022036,Human Mobility Center,partner:2m-engineering,2M Engineering,Privaat,Privaat,Co-creatie; Contractresearch,Contractresearch / co-creatie,2022,,2022,"Engineeringpartner voor sensor- en hardwareontwikkeling. Ondersteunt ontwerp, prototyping, industrialisatie en medische certificering van innovatieve med-tech oplossingen binnen het flagship."
176,2022036,Human Mobility Center,partner:lode-holding,Lode Holding,Privaat,Privaat,Co-creatie; Implementatie,Co-creatie / implementatie,2022,,2022,"Industriële partner (lifestyle, sport, preventie en zorg) met langdurige samenwerking met EMC en TU Delft. Draagt bij aan productontwikkeling, opschaling en toepassing van meet- en trainingsoplossingen."
177,2022036,Human Mobility Center,partner:senseglove,SenseGlove,Privaat,Privaat,Onderzoek; Co-creatie,Co-creatie / onderzoek,2022,,2022,"Ontwikkelaar van haptische handschoenen voor VR-toepassingen. Samen met Rijndam, EMC en TU Delft betrokken bij ontwikkeling en doorontwikkeling van handrevalidatie-oplossingen voor klinisch en thuisgebruik."
178,2022036,Human Mobility Center,partner:clevr,CleVR,Privaat,Privaat,Onderzoek; Co-creatie,Co-creatie / onderzoek,2022,,2022,"Ontwikkelaar van VR-therapie. Werkt samen met Rijndam, EMC en SenseGlove aan gepersonaliseerde virtuele behandelprogramma’s voor fijne motoriek in revalidatie."
179,2022036,Human Mobility Center,partner:shirley-ryan-ability-lab-sralab,Shirley Ryan Ability Lab (SRAlab),Publiek / Maatschappelijk,Publiek / Maatschappelijk,Onderzoek; Co-creatie,Onderzoek / co-creatie,2022,,2022,"Internationale strategische partner (VS) met expertise in revalidatiegeneeskunde, biomedical engineering en outcomes research. Samenwerking in lopende en eerdere projecten (o.a. COMET, FallCATCHER)."
180,2022036,Human Mobility Center,partner:pharos-nationaal-expertisecentrum-gezondheidsverschillen,Pharos – Nationaal Expertisecentrum Gezondheidsverschillen,Publiek / Maatschappelijk,Publiek / Maatschappelijk,Co-creatie; Beleid,Co-creatie / beleidskennis,2022,,2022,Brengt expertise in over gezondheidsverschillen en lage SES-doelgroepen. Ondersteunt inclusieve co-creatie en ontwikkeling van methoden en tools voor participatie van kwetsbare groepen.
181,2022036,Human Mobility Center,partner:care-for-impact,Care for Impact,Publiek / Maatschappelijk,Publiek / Maatschappelijk,Co-creatie; Implementatie,Co-creatie / implementatie,,,2025,"Samenwerking gericht op het ontwikkelen van een roadmap richting commercialisatie van Flagship-resultaten (o.a. ArmCoach4Stroke), met focus op impact, opschaling en implementatie."
182,2022036,Human Mobility Center,partner:movella,Movella,Privaat,Privaat,Onderzoek; Valorisatie,Onderzoek / valorisatie,,,2025,Industriële partner genoemd in lopende industry discussions gericht op commercialisatie van resultaten uit Movella-ST en GaitVision.
183,2022036,Human Mobility Center,partner:diers,Diers,Privaat,Privaat,Contractresearch; Valorisatie,Valorisatie / contractresearch,,,2025,Industriële partner betrokken bij gesprekken over commercialisatie van GaitVision en gerelateerde meet- en analysetechnologie.
184,2022036,Human Mobility Center,partner:robotimize,Robotimize,Privaat,Privaat,Implementatie,Implementatie / commercialisatie,,,2025,Bedrijf dat de Portable Hand Trainer heeft overgenomen voor verdere commercialisatie en marktintroductie.
185,2022036,Human Mobility Center,partner:generation-r,Generation R,Publiek / Maatschappelijk,Publiek / Maatschappelijk,Onderzoek; Data / biobanken,Onderzoek (datatoegang / validatiecontext),,,2025,Gebruikt als grootschalige onderzoeks- en data-infrastructuur ter validatie en contextualisering van onderzoeksvragen; fungeert als onderzoekscontext en vergelijkingskader.
186,2022036,Human Mobility Center,partner:rotterdam-school-of-management-rsm,Rotterdam School of Management (RSM),Publiek / Maatschappelijk,Publiek / Maatschappelijk,Onderwijs; Valorisatie,Onderwijs / valorisatie,,,2025,"Betrokken via onderwijs- en businessgerichte activiteiten (o.a. Living Management Projects), versterkt de koppeling tussen technologische innovatie en business feasibility."
187,2022036,Human Mobility Center,partner:holland-health-network,Holland Health Network,Publiek / Maatschappelijk,Publiek / Maatschappelijk,Beleid; Netwerk,Beleidsdialoog / netwerk,,,2025,"Deelname aan nationale netwerken en werkgroepen gericht op systeemverandering, opschaling en inbedding van technologische innovaties in zorg en beleid."
188,2022036,Human Mobility Center,partner:dutch-ministry-of-health-welfare-and-sport-vws,"Dutch Ministry of Health, Welfare and Sport (VWS)",Publiek / Maatschappelijk,Publiek / Maatschappelijk,Beleid,Beleidsdialoog,,,2025,Betrokken via deelname aan nationale werkgroepen en beleidsnetwerken; fungeert als beleidscontext voor opschaling en inbedding van Flagship-resultaten.
189,2022036,Human Mobility Center,partner:thcs-consortium-european-partnership-on-transforming-health-and-care-systems,THCS Consortium (European Partnership on Transforming Health and Care Systems),Publiek / Maatschappelijk,Publiek / Maatschappelijk,Onderzoek; Netwerk,Onderzoek / netwerk,,,2025,Deelname aan Europees consortium gericht op systeemverandering in gezondheid en zorg; positioneert Flagship-resultaten in internationale onderzoeks- en beleidscontext.
190,2022036,Human Mobility Center,partner:medical-delta-consortium,Medical Delta consortium,Publiek / Maatschappelijk,Publiek / Maatschappelijk,Co-creatie; Netwerk,Co-creatie / netwerk,,,2025,"Regionaal innovatieconsortium (Leiden–Delft–Erasmus) dat fungeert als platform voor co-creatie, demonstratie en validatie van Flagship-technologieën."
191,2022036,Human Mobility Center,partner:zhia-zuid-hollandse-impact-alliantie-hogescholen,ZHIA – Zuid-Hollandse Impact Alliantie (hogescholen),Publiek / Maatschappelijk,Publiek / Maatschappelijk,Co-creatie; Onderwijs,Co-creatie / onderwijs,,,2025,Betrokken via regionale samenwerkingen en demonstraties (o.a. Actie in de Delta); draagt bij aan praktijkgerichte innovatie en verspreiding richting onderwijs en werkveld.
192,2022035,iCELL,partner:mimetas-bv,Mimetas BV,Privaat,Privaat,Onderzoek; Co-creatie; Valorisatie,Co-creatie / valorisatie / R&D,2022,,2022,Technologiepartner; ontwikkeling disease models en drug screening
193,2022035,iCELL,partner:tno,TNO,Publiek / Maatschappelijk,Publiek / Maatschappelijk,Onderzoek,Onderzoek / translatie,2022,,2022,Translational partner; in vitro/in vivo modellen en biomarkerontwikkeling
194,2022035,iCELL,partner:garvan-institute,Garvan Institute,Publiek / Maatschappelijk,Publiek / Maatschappelijk,Advisory,Advisory,2022,,2022,Internationale expertise (genomics)
195,2022035,iCELL,partner:health-ri,HEALTH-RI,Publiek / Maatschappelijk,Publiek / Maatschappelijk,Netwerk; Data / biobanken,Netwerk / data,2022,,2022,Nationale infrastructuur voor data en samenwerking
196,2022035,iCELL,partner:x-omics,X-Omics,Publiek / Maatschappelijk,Publiek / Maatschappelijk,Netwerk; Data / biobanken,Netwerk / data,2022,,2022,Data- en omics-infrastructuur
197,2022035,iCELL,partner:bbmri,BBMRI,Publiek / Maatschappelijk,Publiek / Maatschappelijk,Data / biobanken,Data / biobanken,2022,,2022,Biobank infrastructuur
198,2022035,iCELL,partner:charge-consortium,CHARGE consortium,Publiek / Maatschappelijk,Publiek / Maatschappelijk,Onderzoek,Onderzoek,2022,,2022,Internationaal genomics netwerk
199,2022035,iCELL,partner:go-consortium,GO consortium,Publiek / Maatschappelijk,Publiek / Maatschappelijk,Onderzoek,Onderzoek,2022,,2022,Internationaal samenwerkingsverband
200,2022035,iCELL,partner:basyc-gravitation,BaSyC (Gravitation),Publiek / Maatschappelijk,Publiek / Maatschappelijk,Onderzoek,Onderzoek,2022,,2022,Nationale research consortium
201,2022035,iCELL,partner:health-holland,Health-Holland,Publiek / Maatschappelijk,Publiek / Maatschappelijk,Valorisatie,Valorisatie / funding,2022,,2022,Ondersteuning valorisatie en publiek-private samenwerking
202,2022035,iCELL,partner:rotterdam-school-of-management,Rotterdam School of Management,Publiek / Maatschappelijk,Publiek / Maatschappelijk,Co-creatie; Onderwijs; Valorisatie,Onderwijs / co-creatie / valorisatie,2024,,2025,"Studenten werken aan businesscases en strategie (ViaD), concrete implementatie- en valorisatie-input"
203,2022035,iCELL,partner:institute-for-human-organ-and-disease-model-technologies-hdmt,Institute for Human Organ and Disease Model Technologies (hDMT),Publiek / Maatschappelijk,Publiek / Maatschappelijk,Onderzoek; Implementatie,Onderzoek / implementatie,2024,,2025,Samenwerking rond dierproefvrije modellen en implementatie van ViaD
204,2022035,iCELL,partner:hollandptc,HollandPTC,Publiek / Maatschappelijk,Publiek / Maatschappelijk,Onderzoek; Implementatie,Onderzoek / implementatie,2026,,2026,verkenning demonstrator 2 optimalisatie radiotherapie en iCell toepassingen
205,2022020,Healthy Joints,partner:novartis,Novartis,Privaat,Privaat,Onderzoek,Onderzoek,2025,,2026,Pharmaceutische partner in ontwikkelen van nieuwe uitkomstmaten in artrose
