flagship_id,proposal_id,call_id,call_name,flagship_title,source_file,n_applicants,n_institutions,institutions,erasmus_mc_count,tu_delft_count,eur_count,external_or_other_count
2022003,2022003,flagship,Flagship Call,HELIOS,2022003_2022003_full proposal HELIOS.pdf,75,22,Avegen; Bayer; Corsano; Erasmus MC; Erasmus University Rotterdam; HELLP Stichting; Health Holland; Internal Medicine; Microsoft; Molecular Genetics; RIVM; Rotterdam; Somnox; Soulve; Surgery; TU Delft; University; VGZ; Voedingscentrum; info@ankeschrage.nl; lab / Obstetrics and; yeverdingen@rsm.nl,41,7,5,22
2022009,2022009,flagship,Flagship Call,Rare Disease Innovation Center (RD-IC) initiative: Converging stakeholders and sciences to propel the health journey Flagship Rare Disease Innovation Center (RD-IC) 1 Application form Flagship program round 2021-2022,2022009_2022009_full proposal Rare Disease Innovation Center.pdf,57,10,"Approach ed and interested; Dept. Medicine University Melbourn e, Melbourn; Erasmus MC; Erasmus University Rotterdam; GenomeS can BV; Koç University School of Medicine ( KUSoM) Koç University Hospital, Istanbul; PHARMO Institute; TKI Health Holland; TU Delft; VSOP",29,8,11,9
2022011,2022011,flagship,Flagship Call,Radiation Therapy Centre 2030,2022011_2022011_full proposal_Radiation Therapy Centre 2030.pdf,45,4,Erasmus MC; Erasmus University Rotterdam; Multiple core institutions; TU Delft,25,11,7,2
2022013,2022013,flagship,Flagship Call,The Child Brain Lab – Integrating and innovating meaningful care and research in children with brain-related disorders,2022013_2022013_full proposal Child Brain Lab.pdf,43,4,Erasmus MC; Erasmus University Rotterdam; Multiple core institutions; TU Delft,31,6,4,2
2022012,2022012,flagship,Flagship Call,PROactive TEChnology-supported prevention and MEntal health in adolescence,2022012_2022012_full proposal PROTECt ME.pdf,36,8,"Dutch Patient Association for patients with bipolar disorder and their relatives; Erasmus MC; Erasmus University Rotterdam; Multiple core institutions; Prof. dr. Mark; TU Delft; The Dutch Psychiatric Association (NVvP) is a membership association of, for and by psychiatrists. More; nd",9,7,15,5
2022021,2022021,flagship,Flagship Call,Flagship Critical Care Final V2,2022021_2022021_Flagship Critical Care_Final-V2.pdf,36,6,Dr. Ernst Huls; Erasmus MC; Erasmus University Rotterdam; Multiple core institutions; Prof.dr. Claartje; TU Delft,13,8,11,4
2022020,2022020,flagship,Flagship Call,Healthy Joints,2022020_2022020_Full proposal_HealthyJoints.pdf,35,6,Duncan arcel; Erasmus MC; Erasmus University Rotterdam; Multiple core institutions; TU Delft; ricola Van,17,12,2,4
2022025,2022025,flagship,Flagship Call,Organ Transplantation making unsuitable donor organs suitable (1,2022025_2022025_Organ Transplantation making unsuitable donor organs suitable (1).pdf,33,3,Erasmus MC; Erasmus University Rotterdam; TU Delft,20,7,6,0
2022017,2022017,flagship,Flagship Call,Convergence Imaging Facility and Innovation Centre (CIFIC),2022017_2022017_full proposal_CIFIC.pdf,32,3,Erasmus MC; Erasmus University Rotterdam; TU Delft,15,14,3,0
2022026,2022026,flagship,Flagship Call,Flagship Consultation room 2030 Final,2022026_2022026_Flagship Consultation room 2030 Final.pdf,31,4,Erasmus MC; Erasmus University Rotterdam; TU Delft; Unknown,15,5,10,1
2022030,2022030,flagship,Flagship Call,ALIVE Convergence Flagship Proposal Updated,2022030_ALIVE Convergence Flagship Proposal_Updated.pdf,31,3,Erasmus MC; Erasmus University Rotterdam; TU Delft,20,2,9,0
2022005,2022005,flagship,Flagship Call,Development of the microbial safe hospital: the MI-Safe-Hospital flagship,2022005_2022005_Full proposal MI-SAFE.pdf,30,5,Erasmus MC; Erasmus University Rotterdam; Inspired Ambitions; Multiple core institutions; TU Delft,13,8,6,3
2022016,2022016,flagship,Flagship Call,FlagshipNG PM4allDEF,2022016_2022016_FlagshipNG-PM4allDEF.pdf,30,4,Erasmus MC; Erasmus University Rotterdam; Multiple core institutions; TU Delft,16,4,8,2
2022014,2022014,flagship,Flagship Call,full propsal ALIVE,2022014_2022014_full propsal_ALIVE.pdf,28,4,Erasmus MC; Erasmus University Rotterdam; Multiple core institutions; TU Delft,13,9,5,1
2022023,2022023,flagship,Flagship Call,"Deep Medical Imaging of Structure, Physiology and Function",2022023_2022023_Flagship-Call-Deep Imaging_merged_final_revised.pdf,26,4,Erasmus MC; Erasmus University Rotterdam; Multiple core institutions; TU Delft,14,7,2,3
2022008,2022008,flagship,Flagship Call,Resilient Healthcare,2022008_2022008_Full proposal_Resilient_Healthcare.pdf,25,3,Erasmus MC; Erasmus University Rotterdam; TU Delft,8,10,7,0
2022033,2022033,flagship,Flagship Call,Organ-on-Chip technology for disease modeling and personalized medicine,2022033_Flagship-Call-CoC proposal-final corrected.pdf,24,3,Erasmus MC; Erasmus University Rotterdam; TU Delft,14,3,7,0
2022032,2022032,flagship,Flagship Call,Patient-centered oncological care: New paradigms in understanding and treating cancer,2022032_2022032_Full proposal_PatientCenteredOncoCare.pdf,24,4,Erasmus MC; Erasmus University Rotterdam; Multiple core institutions; TU Delft,9,10,4,1
2022018,2022018,flagship,Flagship Call,I-GUIDE: Image guided minimally invasive interventions,2022018_2022018_full proposal_I-GUIDE.pdf,23,5,Dr . Sandra Sülz; Erasmus MC; Erasmus University Rotterdam; Multiple core institutions; TU Delft,11,5,2,5
2022034,2022034,flagship,Flagship Call,SWITTCH,2022034_2022034_Full proposal_SWITTCH.pdf,22,4,Erasmus MC; Erasmus University Rotterdam; Public a.vangri; TU Delft,3,6,12,1
2022002,2022002,flagship,Flagship Call,HOUDINI,2022002_2022002_full proposal HOUDINI.pdf,22,3,Erasmus MC; Erasmus University Rotterdam; TU Delft,11,7,4,0
2022015,2022015,flagship,Flagship Call,Data Driven Platforms for Aging in Place,2022015_2022015_full proposal_Data-Driven Platforms for Aging in Place.pdf,21,3,Erasmus MC; Erasmus University Rotterdam; TU Delft,6,8,7,0
2022035,2022035,flagship,Flagship Call,iCELL,2022035_2022035_Full proposal_iCELL.pdf,20,6,Erasmus MC; Erasmus University Rotterdam; Garvan Institute; Multiple core institutions; TNO; TU Delft,8,5,3,4
2022031,2022031,flagship,Flagship Call,"Personalized, Real-Time Health Impact of Climate Change and Pollution",2022031_2022031_Full proposal_Environment & Health.pdf,20,3,Erasmus MC; Erasmus University Rotterdam; TU Delft,7,7,6,0
2022024,2022024,flagship,Flagship Call,Biosystems modeling of cell-cell communication (BioComm),2022024_BioComm Flagship proposal budget corrected.pdf,19,4,Erasmus MC; Erasmus University Rotterdam; Multiple core institutions; TU Delft,12,4,2,1
2022010,2022010,flagship,Flagship Call,An iPSC-based platform for developing personalized medicine for rare diseases (iMED),2022010_2022010_Full proposal iMED.pdf,18,3,Erasmus MC; Erasmus University Rotterdam; TU Delft,10,6,2,0
2022001,2022001,flagship,Flagship Call,IN - Integrative Neuromedicine,2022001_2022001_full proposal Integrated Neuromedicine.pdf,18,3,Erasmus MC; Erasmus University Rotterdam; TU Delft,8,6,4,0
2022029,2022029,flagship,Flagship Call,THERANOSTICS,2022029_2022029_Full proposal_Theranostics.pdf,16,3,Erasmus MC; Erasmus University Rotterdam; TU Delft,8,5,3,0
2022019,2022019,flagship,Flagship Call,SMART OR2030 Complete 20220322,2022019_2022019_Flagship Call SMART OR2030 - Complete 20220322.pdf,16,3,Erasmus MC; Erasmus University Rotterdam; TU Delft,10,5,1,0
2022007,2022007,flagship,Flagship Call,Me Health InnoVatoRs,2022007_2022007_Full proposal Me-Health_InnoVatoRs.pdf,16,3,Erasmus MC; Erasmus University Rotterdam; TU Delft,4,7,5,0
2022022,2022022,flagship,Flagship Call,CODE RED,2022022_2022022_Full proposal_CODE RED.pdf,15,4,"Erasmus MC; Erasmus University Rotterdam; Human Medicines, Hematology- Oncology Department; TU Delft",9,4,1,1
2022036,2022036,flagship,Flagship Call,User-centered technology-based interventions for minimally supervised motor rehabilitation; a Convergence Human Mobility Center (CHMC) flagship Call for Flagship Programs | Convergence of Health & Technology March 2022 Application form Flagship program round 2021-2022,2022036_2022036_Flagship-Call-final application CHMC 14032022.pdf,15,3,Erasmus MC; Erasmus University Rotterdam; TU Delft,8,6,1,0
2022027,2022027,flagship,Flagship Call,Tailoring Technologies for a Healthy Neighbourhood (The Healthy Neighbourhood Project),2022027_2022027_Full proposal_TTHN.pdf,14,4,: Samantha; Erasmus MC; Erasmus University Rotterdam; TU Delft,4,4,5,1
2022006,2022006,flagship,Flagship Call,Sustainable hospital Flagship 220322 (1,2022006_2022006_Sustainable hospital Flagship_final220322 (1).pdf,14,4,Erasmus MC; Erasmus University Rotterdam; Prof. Dr. ir. Erik van; TU Delft,4,5,4,1
2022028,2022028,flagship,Flagship Call,More Efficient Clinical Trials: The Center for Bayesian Adaptive Trials - CBAT,2022028_2022028_Full proposal_CBAT.pdf,12,3,Erasmus MC; Erasmus University Rotterdam; LUMC,6,0,4,2
2022004,2022004,flagship,Flagship Call,Innovation Platform for Monitoring Health and Disease using Liquid Biopsies. Acronym: (IPLiB),2022004_2022004_Full proposal IPliB.pdf,11,3,Erasmus MC; Erasmus University Rotterdam; TU Delft,5,5,1,0
